14071638302	916119189	1004412	2276	20231	Hesse	Offenbach	GER	DE	BusinessIndustrial	GER_DE_00_P_BusinessIndustrial_LTG000_oo_o1_S_F#257	20160901	Viernes	Septiembre	sample-1	 	0	1	3.00E+00
14071638302	10046451421	1004507	2276	20234	Lower Saxony	Hanover	GER	DE	BusinessIndustrial	GER_DE_00_P_BusinessIndustrial_LTG000_oo_o1_S_F#257	20160901	Viernes	Septiembre	sample-2	 	0	1	5.00E+00
14071638302	11733446030	0	2276	20241	Thuringia		GER	DE	BusinessIndustrial	GER_DE_00_P_BusinessIndustrial_LTG000_oo_o1_S_F#257	20160901	Viernes	Septiembre	sample-3	 	0	1	3.00E+00
14071638302	36243395875	0	2276	20229	Bavaria		GER	DE	BusinessIndustrial	GER_DE_00_P_BusinessIndustrial_LTG000_oo_o1_S_F#257	20160901	Viernes	Septiembre	sample-4	 	0	1	3.00E+00
14071638302	36243395875	1004670	2276	20235	North Rhine-Westphalia	Kevelaer	GER	DE	BusinessIndustrial	GER_DE_00_P_BusinessIndustrial_LTG000_oo_o1_S_F#257	20160901	Viernes	Septiembre	sample-4	 	0	1	3.00E+00
14071638302	36296021552	1004097	2276	20229	Bavaria	Amberg	GER	DE	BusinessIndustrial	GER_DE_00_P_BusinessIndustrial_LTG000_oo_o1_S_F#257	20160901	Viernes	Septiembre	sample-5	 	0	1	3.00E+00
14071638302	61724054034	1004855	2276	20237	Schleswig-Holstein	Flensburg	GER	DE	BusinessIndustrial	GER_DE_00_P_BusinessIndustrial_LTG000_oo_o1_S_F#257	20160901	Viernes	Septiembre	sample-6	 	0	1	4.00E+00
14071638302	62899715806	9048370	2276	20235	North Rhine-Westphalia	Gescher	GER	DE	BusinessIndustrial	GER_DE_00_P_BusinessIndustrial_LTG000_oo_o1_S_F#257	20160901	Viernes	Septiembre	sample-7	 	0	1	4.00E+00
14074987382	28446244600	1004628	2276	20235	North Rhine-Westphalia	Frechen	GER	DE	HomeGarden	GER_DE_00_P_HomeGarden_LTG000_oo_o1_S_F#257	20160901	Viernes	Septiembre	sample-8	 	0	1	2.00E+00
14075200502	76526283436	9048303	2276	20231	Hesse	Eichenzell	GER	DE	OccasionsGifts	GER_DE_00_P_OccasionsGifts_LTG000_oo_o1_S_F#257	20160901	Viernes	Septiembre	sample-9	 	0	1	2.00E+00
